--
-- Project Factory Setup - SonarQube data
-- By Fabien CRESPEL <fabien@crespel.net>
--

/*!40101 SET @OLD_CHARACTER_SET_CLIENT=@@CHARACTER_SET_CLIENT */;
/*!40101 SET @OLD_CHARACTER_SET_RESULTS=@@CHARACTER_SET_RESULTS */;
/*!40101 SET @OLD_COLLATION_CONNECTION=@@COLLATION_CONNECTION */;
/*!40101 SET NAMES utf8 */;


INSERT INTO `groups` (`id`, `name`, `description`, `created_at`, `updated_at`, `organization_uuid`) VALUES
(1, 'sonar-administrators', 'System administrators', SYSDATE(), SYSDATE(), 'AWOEsZN9_iellEQuyHxC'),
(2, 'sonar-users', 'Any new users created will automatically join this group', SYSDATE(), SYSDATE(), 'AWOEsZN9_iellEQuyHxC');

INSERT INTO `groups_users` (`user_id`, `group_id`) VALUES
(1, 1),
(1, 2);

INSERT INTO `group_roles` (`id`, `group_id`, `resource_id`, `role`, `organization_uuid`) VALUES
(7, NULL, NULL, 'provisioning', 'AWOEsZN9_iellEQuyHxC'),
(6, NULL, NULL, 'scan', 'AWOEsZN9_iellEQuyHxC'),
(1, 1, NULL, 'admin', 'AWOEsZN9_iellEQuyHxC'),
(3, 1, NULL, 'gateadmin', 'AWOEsZN9_iellEQuyHxC'),
(2, 1, NULL, 'profileadmin', 'AWOEsZN9_iellEQuyHxC'),
(5, 1, NULL, 'provisioning', 'AWOEsZN9_iellEQuyHxC');

INSERT INTO `internal_properties` (`kee`, `is_empty`, `text_value`, `clob_value`, `created_at`) VALUES
('organization.default', 0, 'AWOEsZN9_iellEQuyHxC', NULL, UNIX_TIMESTAMP() * 1000),
('server.idChecksum', 0, 'b90152c25f5784aef4b20f39a36797d6151b48d531d3cd838683ad187f976a7b', NULL, UNIX_TIMESTAMP() * 1000),
('telemetry.optOut', 0, '1514764800000', NULL, UNIX_TIMESTAMP() * 1000);

INSERT INTO `loaded_templates` (`id`, `kee`, `template_type`) VALUES
(1, 'SonarQube way', 'QUALITY_GATE'),
(2, 'DisplayLogOnDeprecatedProjects', 'ONE_SHOT_TASK');

INSERT INTO `metrics` (`id`, `name`, `description`, `direction`, `domain`, `short_name`, `qualitative`, `val_type`, `user_managed`, `enabled`, `worst_value`, `best_value`, `optimized_best_value`, `hidden`, `delete_historical_data`, `decimal_scale`) VALUES
(1, 'lines', 'Lines', -1, 'Size', 'Lines', 0, 'INT', 0, 1, NULL, NULL, 0, 0, 0, NULL),
(2, 'generated_lines', 'Number of generated lines', -1, 'Size', 'Generated Lines', 0, 'INT', 0, 1, NULL, '0.00000000000000000000', 1, 0, 0, NULL),
(3, 'ncloc', 'Non commenting lines of code', -1, 'Size', 'Lines of Code', 0, 'INT', 0, 1, NULL, NULL, 0, 0, 0, NULL),
(4, 'new_lines', 'New lines', -1, 'Size', 'New Lines', 0, 'INT', 0, 1, NULL, NULL, 0, 0, 1, NULL),
(5, 'ncloc_language_distribution', 'Non Commenting Lines of Code Distributed By Language', -1, 'Size', 'Lines of Code Per Language', 0, 'DATA', 0, 1, NULL, NULL, 0, 0, 0, NULL),
(6, 'generated_ncloc', 'Generated non Commenting Lines of Code', -1, 'Size', 'Generated Lines of Code', 0, 'INT', 0, 1, NULL, '0.00000000000000000000', 1, 0, 0, NULL),
(7, 'classes', 'Classes', -1, 'Size', 'Classes', 0, 'INT', 0, 1, NULL, NULL, 0, 0, 0, NULL),
(8, 'files', 'Number of files', -1, 'Size', 'Files', 0, 'INT', 0, 1, NULL, NULL, 0, 0, 0, NULL),
(9, 'directories', 'Directories', -1, 'Size', 'Directories', 0, 'INT', 0, 1, NULL, NULL, 0, 0, 0, NULL),
(10, 'functions', 'Functions', -1, 'Size', 'Functions', 0, 'INT', 0, 1, NULL, NULL, 0, 0, 0, NULL),
(11, 'accessors', 'Accessors', -1, 'Size', 'Accessors', 0, 'INT', 0, 1, NULL, NULL, 0, 1, 0, NULL),
(12, 'statements', 'Number of statements', -1, 'Size', 'Statements', 0, 'INT', 0, 1, NULL, NULL, 0, 0, 0, NULL),
(13, 'public_api', 'Public API', -1, 'Documentation', 'Public API', 0, 'INT', 0, 1, NULL, NULL, 0, 1, 0, NULL),
(14, 'projects', 'Number of projects', -1, 'Size', 'Projects', 0, 'INT', 0, 1, NULL, NULL, 0, 0, 0, NULL),
(15, 'comment_lines', 'Number of comment lines', 1, 'Size', 'Comment Lines', 0, 'INT', 0, 1, NULL, NULL, 0, 0, 0, NULL),
(16, 'comment_lines_density', 'Comments balanced by ncloc + comment lines', 1, 'Size', 'Comments (%)', 1, 'PERCENT', 0, 1, '0.00000000000000000000', '100.00000000000000000000', 0, 0, 0, 1),
(17, 'public_documented_api_density', 'Public documented classes and functions balanced by ncloc', 1, 'Documentation', 'Public Documented API (%)', 1, 'PERCENT', 0, 1, '0.00000000000000000000', '100.00000000000000000000', 1, 1, 0, 1),
(18, 'public_undocumented_api', 'Public undocumented classes, functions and variables', -1, 'Documentation', 'Public Undocumented API', 1, 'INT', 0, 1, NULL, '0.00000000000000000000', 1, 1, 0, NULL),
(19, 'commented_out_code_lines', 'Commented lines of code', -1, 'Documentation', 'Commented-Out LOC', 1, 'INT', 0, 1, NULL, '0.00000000000000000000', 1, 1, 0, NULL),
(20, 'complexity', 'Cyclomatic complexity', -1, 'Complexity', 'Cyclomatic Complexity', 0, 'INT', 0, 1, NULL, NULL, 0, 0, 0, NULL),
(21, 'file_complexity', 'Complexity average by file', -1, 'Complexity', 'Complexity / File', 1, 'FLOAT', 0, 1, NULL, NULL, 0, 1, 0, 1),
(22, 'complexity_in_classes', 'Cyclomatic complexity in classes', -1, 'Complexity', 'Complexity in Classes', 0, 'INT', 0, 1, NULL, NULL, 0, 1, 1, NULL),
(23, 'class_complexity', 'Complexity average by class', -1, 'Complexity', 'Complexity / Class', 1, 'FLOAT', 0, 1, NULL, NULL, 0, 1, 0, 1),
(24, 'complexity_in_functions', 'Cyclomatic complexity in functions', -1, 'Complexity', 'Complexity in Functions', 0, 'INT', 0, 1, NULL, NULL, 0, 1, 1, NULL),
(25, 'function_complexity', 'Complexity average by function', -1, 'Complexity', 'Complexity / Function', 1, 'FLOAT', 0, 1, NULL, NULL, 0, 1, 0, 1),
(26, 'class_complexity_distribution', 'Classes distribution /complexity', 0, 'Complexity', 'Class Distribution / Complexity', 1, 'DISTRIB', 0, 1, NULL, NULL, 0, 1, 0, NULL),
(27, 'function_complexity_distribution', 'Functions distribution /complexity', 0, 'Complexity', 'Function Distribution / Complexity', 1, 'DISTRIB', 0, 1, NULL, NULL, 0, 1, 0, NULL),
(28, 'file_complexity_distribution', 'Files distribution /complexity', 0, 'Complexity', 'File Distribution / Complexity', 1, 'DISTRIB', 0, 1, NULL, NULL, 0, 1, 0, NULL),
(29, 'cognitive_complexity', 'Cognitive complexity', -1, 'Complexity', 'Cognitive Complexity', 0, 'INT', 0, 1, NULL, '0.00000000000000000000', 1, 0, 0, NULL),
(30, 'tests', 'Number of unit tests', -1, 'Coverage', 'Unit Tests', 0, 'INT', 0, 1, NULL, NULL, 0, 0, 0, NULL),
(31, 'test_execution_time', 'Execution duration of unit tests', -1, 'Coverage', 'Unit Test Duration', 0, 'MILLISEC', 0, 1, NULL, NULL, 0, 0, 0, NULL),
(32, 'test_errors', 'Number of unit test errors', -1, 'Coverage', 'Unit Test Errors', 1, 'INT', 0, 1, NULL, '0.00000000000000000000', 1, 0, 0, NULL),
(33, 'skipped_tests', 'Number of skipped unit tests', -1, 'Coverage', 'Skipped Unit Tests', 1, 'INT', 0, 1, NULL, '0.00000000000000000000', 1, 0, 0, NULL),
(34, 'test_failures', 'Number of unit test failures', -1, 'Coverage', 'Unit Test Failures', 1, 'INT', 0, 1, NULL, '0.00000000000000000000', 1, 0, 0, NULL),
(35, 'test_success_density', 'Density of successful unit tests', 1, 'Coverage', 'Unit Test Success (%)', 1, 'PERCENT', 0, 1, '0.00000000000000000000', '100.00000000000000000000', 1, 0, 0, 1),
(36, 'test_data', 'Unit tests details', -1, 'Coverage', 'Unit Test Details', 0, 'DATA', 0, 1, NULL, NULL, 0, 0, 0, NULL),
(37, 'coverage', 'Coverage by tests', 1, 'Coverage', 'Coverage', 1, 'PERCENT', 0, 1, '0.00000000000000000000', '100.00000000000000000000', 0, 0, 0, 1),
(38, 'new_coverage', 'Coverage of new/changed code', 1, 'Coverage', 'Coverage on New Code', 1, 'PERCENT', 0, 1, '0.00000000000000000000', '100.00000000000000000000', 0, 0, 1, 1),
(39, 'lines_to_cover', 'Lines to cover', -1, 'Coverage', 'Lines to Cover', 0, 'INT', 0, 1, NULL, NULL, 0, 0, 0, NULL),
(40, 'new_lines_to_cover', 'Lines to cover on new code', -1, 'Coverage', 'Lines to Cover on New Code', 0, 'INT', 0, 1, NULL, NULL, 0, 0, 1, NULL),
(41, 'uncovered_lines', 'Uncovered lines', -1, 'Coverage', 'Uncovered Lines', 0, 'INT', 0, 1, NULL, '0.00000000000000000000', 0, 0, 0, NULL),
(42, 'new_uncovered_lines', 'Uncovered lines on new code', -1, 'Coverage', 'Uncovered Lines on New Code', 0, 'INT', 0, 1, NULL, '0.00000000000000000000', 0, 0, 1, NULL),
(43, 'line_coverage', 'Line coverage', 1, 'Coverage', 'Line Coverage', 1, 'PERCENT', 0, 1, '0.00000000000000000000', '100.00000000000000000000', 0, 0, 0, 1),
(44, 'new_line_coverage', 'Line coverage of added/changed code', 1, 'Coverage', 'Line Coverage on New Code', 1, 'PERCENT', 0, 1, '0.00000000000000000000', '100.00000000000000000000', 0, 0, 1, 1),
(45, 'coverage_line_hits_data', 'Coverage hits by line', 0, 'Coverage', 'Coverage Hits by Line', 0, 'DATA', 0, 1, NULL, NULL, 0, 0, 1, NULL),
(46, 'conditions_to_cover', 'Conditions to cover', 0, 'Coverage', 'Conditions to Cover', 0, 'INT', 0, 1, NULL, NULL, 0, 0, 0, NULL),
(47, 'new_conditions_to_cover', 'Conditions to cover on new code', 0, 'Coverage', 'Conditions to Cover on New Code', 0, 'INT', 0, 1, NULL, NULL, 0, 0, 1, NULL),
(48, 'uncovered_conditions', 'Uncovered conditions', -1, 'Coverage', 'Uncovered Conditions', 0, 'INT', 0, 1, NULL, '0.00000000000000000000', 0, 0, 0, NULL),
(49, 'new_uncovered_conditions', 'Uncovered conditions on new code', -1, 'Coverage', 'Uncovered Conditions on New Code', 0, 'INT', 0, 1, NULL, '0.00000000000000000000', 0, 0, 1, NULL),
(50, 'branch_coverage', 'Condition coverage', 1, 'Coverage', 'Condition Coverage', 1, 'PERCENT', 0, 1, '0.00000000000000000000', '100.00000000000000000000', 0, 0, 0, 1),
(51, 'new_branch_coverage', 'Condition coverage of new/changed code', 1, 'Coverage', 'Condition Coverage on New Code', 1, 'PERCENT', 0, 1, '0.00000000000000000000', '100.00000000000000000000', 0, 0, 1, 1),
(52, 'conditions_by_line', 'Conditions by line', 0, 'Coverage', 'Conditions by Line', 0, 'DATA', 0, 1, NULL, NULL, 0, 0, 1, NULL),
(53, 'covered_conditions_by_line', 'Covered conditions by line', 0, 'Coverage', 'Covered Conditions by Line', 0, 'DATA', 0, 1, NULL, NULL, 0, 0, 1, NULL),
(54, 'it_coverage', 'Integration tests coverage', 1, 'Coverage', 'IT Coverage', 1, 'PERCENT', 0, 1, '0.00000000000000000000', '100.00000000000000000000', 0, 1, 0, 1),
(55, 'new_it_coverage', 'Integration tests coverage of new/changed code', 1, 'Coverage', 'Coverage by IT on New Code', 1, 'PERCENT', 0, 1, '0.00000000000000000000', '100.00000000000000000000', 0, 1, 1, 1),
(56, 'it_lines_to_cover', 'Lines to cover by Integration Tests', 1, 'Coverage', 'IT Lines to Cover', 0, 'INT', 0, 1, NULL, NULL, 0, 1, 0, NULL),
(57, 'new_it_lines_to_cover', 'Lines to cover on new code by integration tests', -1, 'Coverage', 'Lines to Cover by IT on New Code', 0, 'INT', 0, 1, NULL, NULL, 0, 1, 1, NULL),
(58, 'it_uncovered_lines', 'Uncovered lines by integration tests', -1, 'Coverage', 'IT Uncovered Lines', 0, 'INT', 0, 1, NULL, NULL, 0, 1, 0, NULL),
(59, 'new_it_uncovered_lines', 'New lines that are not covered by integration tests', -1, 'Coverage', 'Uncovered Lines by IT on New Code', 0, 'INT', 0, 1, NULL, '0.00000000000000000000', 0, 1, 1, NULL),
(60, 'it_line_coverage', 'Line coverage by integration tests', 1, 'Coverage', 'IT Line Coverage', 1, 'PERCENT', 0, 1, '0.00000000000000000000', '100.00000000000000000000', 0, 1, 0, 1),
(61, 'new_it_line_coverage', 'Integration tests line coverage of added/changed code', 1, 'Coverage', 'Line Coverage by IT on New Code', 1, 'PERCENT', 0, 1, '0.00000000000000000000', '100.00000000000000000000', 0, 1, 1, 1),
(62, 'it_coverage_line_hits_data', 'Coverage hits by line by integration tests', 0, 'Coverage', 'IT Coverage Hits by Line', 0, 'DATA', 0, 1, NULL, NULL, 0, 1, 1, NULL),
(63, 'it_conditions_to_cover', 'Integration Tests conditions to cover', 1, 'Coverage', 'IT Branches to Cover', 0, 'INT', 0, 1, NULL, NULL, 0, 1, 0, NULL),
(64, 'new_it_conditions_to_cover', 'Branches to cover by Integration Tests on New Code', 0, 'Coverage', 'Branches to Cover by IT on New Code', 0, 'INT', 0, 1, NULL, NULL, 0, 1, 1, NULL),
(65, 'it_uncovered_conditions', 'Uncovered conditions by integration tests', -1, 'Coverage', 'IT Uncovered Conditions', 0, 'INT', 0, 1, NULL, NULL, 0, 1, 0, NULL),
(66, 'new_it_uncovered_conditions', 'New conditions that are not covered by integration tests', -1, 'Coverage', 'Uncovered Conditions by IT on New Code', 0, 'INT', 0, 1, NULL, '0.00000000000000000000', 0, 1, 1, NULL),
(67, 'it_branch_coverage', 'Condition coverage by integration tests', 1, 'Coverage', 'IT Condition Coverage', 1, 'PERCENT', 0, 1, '0.00000000000000000000', '100.00000000000000000000', 0, 1, 0, 1),
(68, 'new_it_branch_coverage', 'Integration tests condition coverage of new/changed code', 1, 'Coverage', 'Condition Coverage by IT on New Code', 1, 'PERCENT', 0, 1, '0.00000000000000000000', '100.00000000000000000000', 0, 1, 1, 1),
(69, 'it_conditions_by_line', 'IT conditions by line', 0, 'Coverage', 'IT Conditions by Line', 0, 'DATA', 0, 1, NULL, NULL, 0, 0, 1, NULL),
(70, 'it_covered_conditions_by_line', 'IT covered conditions by line', 0, 'Coverage', 'IT Covered Conditions by Line', 0, 'DATA', 0, 1, NULL, NULL, 0, 0, 1, NULL),
(71, 'overall_coverage', 'Overall test coverage', 1, 'Coverage', 'Overall Coverage', 1, 'PERCENT', 0, 1, '0.00000000000000000000', '100.00000000000000000000', 0, 1, 0, 1),
(72, 'new_overall_coverage', 'Overall coverage of new/changed code', 1, 'Coverage', 'Overall Coverage on New Code', 1, 'PERCENT', 0, 1, '0.00000000000000000000', '100.00000000000000000000', 0, 1, 1, 1),
(73, 'overall_lines_to_cover', 'Overall lines to cover by all tests', 1, 'Coverage', 'Overall Lines to Cover', 0, 'INT', 0, 1, NULL, NULL, 0, 1, 0, NULL),
(74, 'new_overall_lines_to_cover', 'New lines to cover by all tests', -1, 'Coverage', 'Overall Lines to Cover on New Code', 0, 'INT', 0, 1, NULL, NULL, 0, 1, 1, NULL),
(75, 'overall_uncovered_lines', 'Uncovered lines by all tests', -1, 'Coverage', 'Overall Uncovered Lines', 0, 'INT', 0, 1, NULL, NULL, 0, 1, 0, NULL),
(76, 'new_overall_uncovered_lines', 'New lines that are not covered by any tests', -1, 'Coverage', 'Overall Uncovered Lines on New Code', 0, 'INT', 0, 1, NULL, '0.00000000000000000000', 0, 1, 1, NULL),
(77, 'overall_line_coverage', 'Line coverage by all tests', 1, 'Coverage', 'Overall Line Coverage', 1, 'PERCENT', 0, 1, '0.00000000000000000000', '100.00000000000000000000', 0, 1, 0, 1),
(78, 'new_overall_line_coverage', 'Line coverage of added/changed code by all tests', 1, 'Coverage', 'Overall Line Coverage on New Code', 1, 'PERCENT', 0, 1, '0.00000000000000000000', '100.00000000000000000000', 0, 1, 1, 1),
(79, 'overall_coverage_line_hits_data', 'Coverage hits by all tests and by line', 0, 'Coverage', 'Overall Coverage Hits by Line', 0, 'DATA', 0, 1, NULL, NULL, 0, 0, 1, NULL),
(80, 'overall_conditions_to_cover', 'Branches to cover by all tests', 1, 'Coverage', 'Overall Branches to Cover', 0, 'INT', 0, 1, NULL, NULL, 0, 1, 0, NULL),
(81, 'new_overall_conditions_to_cover', 'New branches to cover by all tests', 0, 'Coverage', 'Overall Branches to Cover on New Code', 0, 'INT', 0, 1, NULL, NULL, 0, 1, 1, NULL),
(82, 'overall_uncovered_conditions', 'Uncovered conditions by all tests', -1, 'Coverage', 'Overall Uncovered Conditions', 0, 'INT', 0, 1, NULL, NULL, 0, 1, 0, NULL),
(83, 'new_overall_uncovered_conditions', 'New conditions that are not covered by any test', -1, 'Coverage', 'Overall Uncovered Conditions on New Code', 0, 'INT', 0, 1, NULL, '0.00000000000000000000', 0, 1, 1, NULL),
(84, 'overall_branch_coverage', 'Condition coverage by all tests', 1, 'Coverage', 'Overall Condition Coverage', 1, 'PERCENT', 0, 1, '0.00000000000000000000', '100.00000000000000000000', 0, 1, 0, 1),
(85, 'new_overall_branch_coverage', 'Condition coverage of new/changed code by all tests', 1, 'Coverage', 'Overall Condition Coverage on New Code', 1, 'PERCENT', 0, 1, '0.00000000000000000000', '100.00000000000000000000', 0, 1, 1, 1),
(86, 'overall_conditions_by_line', 'Overall conditions by all tests and by line', 0, 'Coverage', 'Overall Conditions by Line', 0, 'DATA', 0, 1, NULL, NULL, 0, 0, 1, NULL),
(87, 'overall_covered_conditions_by_line', 'Overall covered conditions by all tests and by line', 0, 'Coverage', 'Overall Covered Conditions by Line', 0, 'DATA', 0, 1, NULL, NULL, 0, 0, 1, NULL),
(88, 'duplicated_lines', 'Duplicated lines', -1, 'Duplications', 'Duplicated Lines', 1, 'INT', 0, 1, NULL, '0.00000000000000000000', 1, 0, 0, NULL),
(89, 'new_duplicated_lines', 'Duplicated Lines on New Code', -1, 'Duplications', 'Duplicated Lines on New Code', 1, 'INT', 0, 1, NULL, '0.00000000000000000000', 0, 0, 1, NULL),
(90, 'duplicated_blocks', 'Duplicated blocks', -1, 'Duplications', 'Duplicated Blocks', 1, 'INT', 0, 1, NULL, '0.00000000000000000000', 1, 0, 0, NULL),
(91, 'new_duplicated_blocks', 'Duplicated blocks on new code', -1, 'Duplications', 'Duplicated Blocks on New Code', 1, 'INT', 0, 1, NULL, '0.00000000000000000000', 0, 0, 1, NULL),
(92, 'duplicated_files', 'Duplicated files', -1, 'Duplications', 'Duplicated Files', 1, 'INT', 0, 1, NULL, '0.00000000000000000000', 1, 0, 0, NULL),
(93, 'duplicated_lines_density', 'Duplicated lines balanced by statements', -1, 'Duplications', 'Duplicated Lines (%)', 1, 'PERCENT', 0, 1, '100.00000000000000000000', '0.00000000000000000000', 1, 0, 0, 1),
(94, 'new_duplicated_lines_density', 'Duplicated lines on new code balanced by statements', -1, 'Duplications', 'Duplicated Lines on New Code (%)', 1, 'PERCENT', 0, 1, '100.00000000000000000000', '0.00000000000000000000', 0, 0, 1, 1),
(95, 'duplications_data', 'Duplications details', 0, 'Duplications', 'Duplication Details', 0, 'DATA', 0, 1, NULL, NULL, 0, 0, 1, NULL),
(96, 'violations', 'Issues', -1, 'Issues', 'Issues', 1, 'INT', 0, 1, NULL, '0.00000000000000000000', 1, 0, 0, NULL),
(97, 'blocker_violations', 'Blocker issues', -1, 'Issues', 'Blocker Issues', 1, 'INT', 0, 1, NULL, '0.00000000000000000000', 1, 0, 0, NULL),
(98, 'critical_violations', 'Critical issues', -1, 'Issues', 'Critical Issues', 1, 'INT', 0, 1, NULL, '0.00000000000000000000', 1, 0, 0, NULL),
(99, 'major_violations', 'Major issues', -1, 'Issues', 'Major Issues', 1, 'INT', 0, 1, NULL, '0.00000000000000000000', 1, 0, 0, NULL),
(100, 'minor_violations', 'Minor issues', -1, 'Issues', 'Minor Issues', 1, 'INT', 0, 1, NULL, '0.00000000000000000000', 1, 0, 0, NULL),
(101, 'info_violations', 'Info issues', -1, 'Issues', 'Info Issues', 1, 'INT', 0, 1, NULL, '0.00000000000000000000', 1, 0, 0, NULL),
(102, 'new_violations', 'New issues', -1, 'Issues', 'New Issues', 1, 'INT', 0, 1, NULL, '0.00000000000000000000', 1, 0, 1, NULL),
(103, 'new_blocker_violations', 'New Blocker issues', -1, 'Issues', 'New Blocker Issues', 1, 'INT', 0, 1, NULL, '0.00000000000000000000', 1, 0, 1, NULL),
(104, 'new_critical_violations', 'New Critical issues', -1, 'Issues', 'New Critical Issues', 1, 'INT', 0, 1, NULL, '0.00000000000000000000', 1, 0, 1, NULL),
(105, 'new_major_violations', 'New Major issues', -1, 'Issues', 'New Major Issues', 1, 'INT', 0, 1, NULL, '0.00000000000000000000', 1, 0, 1, NULL),
(106, 'new_minor_violations', 'New Minor issues', -1, 'Issues', 'New Minor Issues', 1, 'INT', 0, 1, NULL, '0.00000000000000000000', 1, 0, 1, NULL),
(107, 'new_info_violations', 'New Info issues', -1, 'Issues', 'New Info Issues', 1, 'INT', 0, 1, NULL, '0.00000000000000000000', 1, 0, 1, NULL),
(108, 'false_positive_issues', 'False positive issues', -1, 'Issues', 'False Positive Issues', 0, 'INT', 0, 1, NULL, '0.00000000000000000000', 1, 0, 0, NULL),
(109, 'wont_fix_issues', 'Won\'t fix issues', -1, 'Issues', 'Won\'t Fix Issues', 0, 'INT', 0, 1, NULL, '0.00000000000000000000', 1, 0, 0, NULL),
(110, 'open_issues', 'Open issues', -1, 'Issues', 'Open Issues', 0, 'INT', 0, 1, NULL, '0.00000000000000000000', 1, 0, 0, NULL),
(111, 'reopened_issues', 'Reopened issues', -1, 'Issues', 'Reopened Issues', 1, 'INT', 0, 1, NULL, '0.00000000000000000000', 1, 0, 0, NULL),
(112, 'confirmed_issues', 'Confirmed issues', -1, 'Issues', 'Confirmed Issues', 1, 'INT', 0, 1, NULL, '0.00000000000000000000', 1, 0, 0, NULL),
(113, 'code_smells', 'Code Smells', -1, 'Maintainability', 'Code Smells', 0, 'INT', 0, 1, NULL, '0.00000000000000000000', 1, 0, 0, NULL),
(114, 'new_code_smells', 'New Code Smells', -1, 'Maintainability', 'New Code Smells', 1, 'INT', 0, 1, NULL, '0.00000000000000000000', 1, 0, 1, NULL),
(115, 'bugs', 'Bugs', -1, 'Reliability', 'Bugs', 0, 'INT', 0, 1, NULL, '0.00000000000000000000', 1, 0, 0, NULL),
(116, 'new_bugs', 'New Bugs', -1, 'Reliability', 'New Bugs', 1, 'INT', 0, 1, NULL, '0.00000000000000000000', 1, 0, 1, NULL),
(117, 'vulnerabilities', 'Vulnerabilities', -1, 'Security', 'Vulnerabilities', 0, 'INT', 0, 1, NULL, '0.00000000000000000000', 1, 0, 0, NULL),
(118, 'new_vulnerabilities', 'New Vulnerabilities', -1, 'Security', 'New Vulnerabilities', 1, 'INT', 0, 1, NULL, '0.00000000000000000000', 1, 0, 1, NULL),
(119, 'sqale_index', 'Total effort (in days) to fix all the issues on the component and therefore to comply to all the requirements.', -1, 'Maintainability', 'Technical Debt', 1, 'WORK_DUR', 0, 1, NULL, '0.00000000000000000000', 1, 0, 0, NULL),
(120, 'new_technical_debt', 'Added technical debt', -1, 'Maintainability', 'Added Technical Debt', 1, 'WORK_DUR', 0, 1, NULL, '0.00000000000000000000', 1, 0, 1, NULL),
(121, 'sqale_rating', 'A-to-E rating based on the technical debt ratio', -1, 'Maintainability', 'Maintainability Rating', 1, 'RATING', 0, 1, '5.00000000000000000000', '1.00000000000000000000', 0, 0, 0, NULL),
(122, 'new_maintainability_rating', 'Maintainability rating on new code', -1, 'Maintainability', 'Maintainability Rating on New Code', 1, 'RATING', 0, 1, '5.00000000000000000000', '1.00000000000000000000', 1, 0, 1, NULL),
(123, 'development_cost', 'SQALE development cost', -1, 'Maintainability', 'SQALE Development Cost', 1, 'STRING', 0, 1, NULL, '0.00000000000000000000', 1, 1, 0, NULL),
(124, 'sqale_debt_ratio', 'Ratio of the actual technical debt compared to the estimated cost to develop the whole source code from scratch', -1, 'Maintainability', 'Technical Debt Ratio', 1, 'PERCENT', 0, 1, '100.00000000000000000000', '0.00000000000000000000', 1, 0, 0, 1),
(125, 'new_sqale_debt_ratio', 'Technical Debt Ratio of new/changed code.', -1, 'Maintainability', 'Technical Debt Ratio on New Code', 1, 'PERCENT', 0, 1, '100.00000000000000000000', '0.00000000000000000000', 1, 0, 0, 1),
(126, 'effort_to_reach_maintainability_rating_a', 'Effort to reach maintainability rating A', -1, 'Maintainability', 'Effort to Reach Maintainability Rating A', 1, 'WORK_DUR', 0, 1, NULL, '0.00000000000000000000', 1, 0, 0, NULL),
(127, 'reliability_remediation_effort', 'Reliability Remediation Effort', -1, 'Reliability', 'Reliability Remediation Effort', 1, 'WORK_DUR', 0, 1, NULL, '0.00000000000000000000', 1, 0, 0, NULL),
(128, 'new_reliability_remediation_effort', 'Reliability remediation effort on new code', -1, 'Reliability', 'Reliability Remediation Effort on New Code', 1, 'WORK_DUR', 0, 1, NULL, '0.00000000000000000000', 1, 0, 1, NULL),
(129, 'reliability_rating', 'Reliability rating', -1, 'Reliability', 'Reliability Rating', 1, 'RATING', 0, 1, '5.00000000000000000000', '1.00000000000000000000', 0, 0, 0, NULL),
(130, 'new_reliability_rating', 'Reliability rating on new code', -1, 'Reliability', 'Reliability Rating on New Code', 1, 'RATING', 0, 1, '5.00000000000000000000', '1.00000000000000000000', 1, 0, 1, NULL),
(131, 'security_remediation_effort', 'Security remediation effort', -1, 'Security', 'Security Remediation Effort', 1, 'WORK_DUR', 0, 1, NULL, '0.00000000000000000000', 1, 0, 0, NULL),
(132, 'new_security_remediation_effort', 'Security remediation effort on new code', -1, 'Security', 'Security Remediation Effort on New Code', 1, 'WORK_DUR', 0, 1, NULL, '0.00000000000000000000', 1, 0, 1, NULL),
(133, 'security_rating', 'Security rating', -1, 'Security', 'Security Rating', 1, 'RATING', 0, 1, '5.00000000000000000000', '1.00000000000000000000', 0, 0, 0, NULL),
(134, 'new_security_rating', 'Security rating on new code', -1, 'Security', 'Security Rating on New Code', 1, 'RATING', 0, 1, '5.00000000000000000000', '1.00000000000000000000', 1, 0, 1, NULL),
(135, 'ncloc_data', NULL, 0, 'Size', 'ncloc_data', 0, 'DATA', 0, 1, NULL, NULL, 0, 1, 0, NULL),
(136, 'comment_lines_data', NULL, 0, 'Size', 'comment_lines_data', 0, 'DATA', 0, 1, NULL, NULL, 0, 1, 0, NULL),
(137, 'executable_lines_data', NULL, 0, 'Coverage', 'executable_lines_data', 0, 'DATA', 0, 1, NULL, NULL, 0, 1, 0, NULL),
(138, 'alert_status', 'The project status with regard to its quality gate.', 1, 'Releasability', 'Quality Gate Status', 1, 'LEVEL', 0, 1, NULL, NULL, 0, 0, 0, NULL),
(139, 'quality_gate_details', 'The project detailed status with regard to its quality gate', 0, 'General', 'Quality Gate Details', 0, 'DATA', 0, 1, NULL, NULL, 0, 0, 0, NULL),
(140, 'quality_profiles', 'Details of quality profiles used during analysis', 0, 'General', 'Profiles', 0, 'DATA', 0, 1, NULL, NULL, 0, 1, 0, NULL),
(141, 'last_commit_date', NULL, 0, 'SCM', 'Date of Last Commit', 0, 'MILLISEC', 0, 1, NULL, NULL, 0, 1, 0, NULL),
(142, 'burned_budget', NULL, 0, 'Management', 'Burned budget', 0, 'FLOAT', 1, 1, NULL, NULL, 0, 0, 0, 1),
(143, 'business_value', NULL, 1, 'Management', 'Business value', 1, 'FLOAT', 1, 1, NULL, NULL, 0, 0, 0, 1),
(144, 'team_size', NULL, 0, 'Management', 'Team size', 0, 'INT', 1, 1, NULL, NULL, 0, 0, 0, NULL);

INSERT INTO `organizations` (`uuid`, `kee`, `name`, `description`, `url`, `avatar_url`, `created_at`, `updated_at`, `default_perm_template_project`, `default_perm_template_view`, `guarded`, `user_id`, `default_group_id`, `new_project_private`) VALUES
('AWOEsZN9_iellEQuyHxC', 'default-organization', 'Default Organization', NULL, NULL, NULL, UNIX_TIMESTAMP() * 1000, UNIX_TIMESTAMP() * 1000, 'default_template', NULL, 1, NULL, 2, 0);

INSERT INTO `organization_members` (`organization_uuid`, `user_id`) VALUES
('AWOEsZN9_iellEQuyHxC', 1);

INSERT INTO `permission_templates` (`id`, `name`, `kee`, `description`, `created_at`, `updated_at`, `key_pattern`, `organization_uuid`) VALUES
(1, 'Default template', 'default_template', 'This permission template will be used as default when no other permission configuration is available', SYSDATE(), SYSDATE(), NULL, 'AWOEsZN9_iellEQuyHxC');

INSERT INTO `perm_templates_groups` (`id`, `group_id`, `template_id`, `permission_reference`, `created_at`, `updated_at`) VALUES
(1, 1, 1, 'admin', SYSDATE(), SYSDATE()),
(2, 1, 1, 'issueadmin', SYSDATE(), SYSDATE()),
(3, 2, 1, 'user', SYSDATE(), SYSDATE()),
(4, 2, 1, 'codeviewer', SYSDATE(), SYSDATE());

INSERT INTO `properties` (`id`, `prop_key`, `resource_id`, `user_id`, `is_empty`, `text_value`, `clob_value`, `created_at`) VALUES
(1, 'sonar.core.startTime', NULL, NULL, 0, '2018-05-21T21:53:38+0000', NULL, UNIX_TIMESTAMP() * 1000),
(2, 'sonar.core.id', NULL, NULL, 0, 'AWOEsZzu_iellEQuyHxE', NULL, UNIX_TIMESTAMP() * 1000),
(3, 'sonar.qualitygate', NULL, NULL, 0, '1', NULL, UNIX_TIMESTAMP() * 1000);

INSERT INTO `quality_gates` (`id`, `name`, `created_at`, `updated_at`) VALUES
(1, 'SonarQube way', SYSDATE(), NULL);

INSERT INTO `quality_gate_conditions` (`id`, `qgate_id`, `metric_id`, `period`, `operator`, `value_error`, `value_warning`, `created_at`, `updated_at`) VALUES
(1, 1, 134, 1, 'GT', '1', NULL, SYSDATE(), NULL),
(2, 1, 130, 1, 'GT', '1', NULL, SYSDATE(), NULL),
(3, 1, 122, 1, 'GT', '1', NULL, SYSDATE(), NULL),
(4, 1, 38, 1, 'LT', '80', NULL, SYSDATE(), NULL),
(5, 1, 94, 1, 'GT', '3', NULL, SYSDATE(), NULL);

INSERT INTO `schema_migrations` (`version`) VALUES
('1'),
('2'),
('1153'),
('1200'),
('1205'),
('1207'),
('1208'),
('1209'),
('1210'),
('1211'),
('1212'),
('1213'),
('1214'),
('1215'),
('1216'),
('1217'),
('1218'),
('1219'),
('1220'),
('1221'),
('1222'),
('1223'),
('1224'),
('1225'),
('1226'),
('1227'),
('1228'),
('1229'),
('1230'),
('1231'),
('1232'),
('1233'),
('1234'),
('1235'),
('1236'),
('1237'),
('1238'),
('1239'),
('1240'),
('1241'),
('1242'),
('1243'),
('1244'),
('1246'),
('1247'),
('1248'),
('1249'),
('1250'),
('1251'),
('1252'),
('1253'),
('1254'),
('1256'),
('1257'),
('1258'),
('1259'),
('1260'),
('1261'),
('1262'),
('1263'),
('1264'),
('1265'),
('1266'),
('1267'),
('1268'),
('1269'),
('1270'),
('1271'),
('1272'),
('1273'),
('1274'),
('1275'),
('1276'),
('1277'),
('1300'),
('1301'),
('1302'),
('1303'),
('1304'),
('1307'),
('1309'),
('1310'),
('1311'),
('1312'),
('1313'),
('1314'),
('1315'),
('1316'),
('1317'),
('1318'),
('1319'),
('1400'),
('1401'),
('1402'),
('1403'),
('1404'),
('1405'),
('1406'),
('1407'),
('1408'),
('1409'),
('1410'),
('1411'),
('1412'),
('1413'),
('1414'),
('1415'),
('1416'),
('1417'),
('1418'),
('1419'),
('1420'),
('1421'),
('1422'),
('1423'),
('1500'),
('1501'),
('1502'),
('1503'),
('1504'),
('1505'),
('1506'),
('1507'),
('1508'),
('1509'),
('1510'),
('1511'),
('1512'),
('1513'),
('1514'),
('1515'),
('1516'),
('1517'),
('1518'),
('1600'),
('1601'),
('1602'),
('1603'),
('1604'),
('1605'),
('1606'),
('1607'),
('1608'),
('1609'),
('1610'),
('1611'),
('1612'),
('1613'),
('1614'),
('1615'),
('1616'),
('1617'),
('1618'),
('1619'),
('1620'),
('1621'),
('1622'),
('1623'),
('1624'),
('1625'),
('1626'),
('1627'),
('1628'),
('1629'),
('1630'),
('1631'),
('1632'),
('1633'),
('1634'),
('1635'),
('1636'),
('1637'),
('1638'),
('1639'),
('1640'),
('1641'),
('1642'),
('1643'),
('1644'),
('1700'),
('1701'),
('1702'),
('1703'),
('1704'),
('1705'),
('1706'),
('1707'),
('1708'),
('1709'),
('1710'),
('1711'),
('1712'),
('1713'),
('1714'),
('1715'),
('1716'),
('1717'),
('1718'),
('1719'),
('1720'),
('1721'),
('1722'),
('1723'),
('1724'),
('1725'),
('1726'),
('1727'),
('1728'),
('1729'),
('1730'),
('1731'),
('1732'),
('1733'),
('1734'),
('1735'),
('1801'),
('1802'),
('1803'),
('1804'),
('1805'),
('1806'),
('1807'),
('1808'),
('1809'),
('1810'),
('1811'),
('1812'),
('1814'),
('1830'),
('1831'),
('1832'),
('1833'),
('1834'),
('1835'),
('1836'),
('1837'),
('1838');

INSERT INTO `users` (`id`, `login`, `name`, `email`, `crypted_password`, `salt`, `active`, `created_at`, `updated_at`, `scm_accounts`, `external_identity`, `external_identity_provider`, `user_local`, `is_root`, `onboarded`) VALUES
(1, 'admin', 'Administrator', '', 'a373a0e667abb2604c1fd571eb4ad47fe8cc0878', '48bc4b0d93179b5103fd3885ea9119498e9d161b', 1, UNIX_TIMESTAMP() * 1000, UNIX_TIMESTAMP() * 1000, NULL, 'admin', 'sonarqube', 1, 0, 0);

/*!40101 SET CHARACTER_SET_CLIENT=@OLD_CHARACTER_SET_CLIENT */;
/*!40101 SET CHARACTER_SET_RESULTS=@OLD_CHARACTER_SET_RESULTS */;
/*!40101 SET COLLATION_CONNECTION=@OLD_COLLATION_CONNECTION */;
